T14,T14 Huffy Ariel turqoise SNHC28L26610 30 1 14 X 1.75__143611.jpg
T01,T01  Pink Barbie  LH04040093​0  25  14 X 2.125_00002633.jpg
Y05,Y05  Free Spirit turquoise BC70841355  45  24 X 1.95_00001317.jpg
XW02,XW02  red Global   WSBC606 051633F  80  700X35C_00000705.jpg
C30,C30 Infinity Trouper yellow 18890534 25 1 16 X 2.125_130126.jpg
XM19,XM19 Opus Ivan grey 84 Sweetland IC0611H02287 60 7 26 X 2.0_142219.jpg
W20,W20 Trek 700 Blue WTU1256244P 60 21 700 x 38C_121937.jpg
M26,M26 Montego Transit Purple_160525.jpg
M03,M03  Raleigh greyblack  AV07A2465  75  700 X 38C_00002926.jpg
M10,M10  Raleigh sprite brown  RB984805  35  27 X 1.25_00001036.jpg
C14,C14  Sportex OST Ground Breaker blue  L2Z0316488E  50  20 X 2.0_00002799.jpg
M13,M13  Supercycle Sierra  TH86072751​#0  45  26 X 2.125_00001943.jpg
XM02,XM02_brown Global_WSBC602 309649F_  95_   700X35C_113002.jpg
XM07,XM07_Stevens s8 Elite noire S15MAMJKE 0012 53 29x2.0 0711_084831.jpg
W09,W09   Mountain tour Roadrunner     R5528178  35  24 X 1.75_00001508.jpg
Y04,Y04  CCM Static black AL12C1550  45  F 24 X 2.10 R 24X1.95_00001654.jpg
C22,C22 orange RockiSport__30_ 16X2.125__164042.jpg
W13,W13 Miele blue CS509129  80___429.jpg
T04,T04  Redyellow Hotwheels racing team  84027870  35  12.5X2.5_00002510.jpg
M28D,M28Diamondback  red greyAV07A272118018700 X 38C _153923.jpg
Y19R,Y19Red West Coast ChopperBB05C0378735120 x 3.0_104053.jpg
M01,M01  Black Citation    5H08397  85  27x1.125 _00002992.jpg
C10,C10  red Hyper    DCT146064219  35  20 X 2.25_00001655.jpg
XM09,XM09_Stevens S8 Elite noire S15MAMJKE 0064 53 29x2.0 0711_085839.jpg
T13,T13 Huffy Finding Dory blue SNHTC17A7287 30 1 14 X 1.95_153413.jpg
T02,T02 Bleu Arashi  S99​120663  35  12.5X2.25_00002995.jpg
2018,20180904_162722.jpg
M20,M20 MountainTourtrquise A9601096 60 25X1.75 223011.jpg
C24,C24  Pink Barbie SL03882695 35 16x2.0_142708.jpg
C18,C18 Black red Illusion AL00004149​0 35_16x1.95 2.125_153645.jpg
XW05,XW05 Bluesilver Specialized P3BH34691  95  700X38C_00002990.jpg
_M17,_M17 Orange - Gary Fisher 00020265S 26 X 1.95 50_143434.jpg
C23,C23 thasher Nakamura_Vert_GS081114416_45_18 X 1.95 _102249.jpg
M09,M09 blk SportTek G070602485 60 21 26x1.75_00000184.jpg
W11,W11  red Velosport  NONE  55  24 X 1.95_00001518.jpg
XW03,XW03  burgundy Global   WSBC602 242440F  95  700X35C_00000703.jpg
M30,M30 Supercycle SC1800 Blue RE765891 60 18 26 X 1.95_135809.jpg
Y17,Y17 GreyCCM JD01010 60 18 24X2.1_155130.jpg
C04,C04 blue Louis Garneau  L8G1010263  35  20 X 1.95_00001480.jpg
XW04,XW04 Giant Cyprus bluewhite  C78C0563  70  700X38C_00002049.jpg
T06,T06  Gold Dragonfly  VS2001649  35  14 X 2.125_00003013.jpg
T09,T09 SupercycleDream whitepink_30_14x2.125_00000050.jpg
Y06,Y06  Next Challenger  mauveyellow  RG1210713      40  24 X 1.95_00002061.jpg
XM13,XM13 Opus Ivan grey78 Besserer IC0G11J02719 60 7 26 X 2.0.jpg
W03,W03 Bleu Voyageur A940106687 35_12 26X1.75_00000200.jpg
Y03,Y03  Bonelli blue white  Y26125099  40  24X2 _00001936.jpg
Y11_,Y11_Raleigh_Hotfoot_grey-yellow_R0900163_45_24_X_2.00_103100.jpg
Y12,Y12 Trek Mountain Track white 75 26 x 2.0 BI-0415 Y12_00000054.jpg
W08_,W08_Women's Sekine blanc_238215982_ 65_ 27 X 1.25_00001038.jpg
M06,M06 Violet MountainTour_na_40,50 18  26X2.0_00000210.jpg
XM14,XM14 Opus Ivan grey79 Stewart IC0G11J02725 60 7 26 X 2.0 151723.jpg
XM04,XM04 Specialized black CD125197  85  700X28C_00001987.jpg
W14,W14 Babboe cargo blk GB14E03753 60 7 26 x 1.75 20 x2.1_172824.jpg
W19,W19 Minelli gris-noir C911110103  50 70  700 X 38C_0793.jpg
W17,W17 Norco Arctic turquoise HSBK01438 75 21 700 X 38C_122019.jpg.jpg
M36,M36 Nakamura Circuit silver G508121095 60 18 26 x 1.95_121402.jpg
C20_,C20_pink Intrepid Shadow_PY00002190_30_20X 2.125_163206.jpg
XM10,XM10 Miele Verona PRE0425147_70_700X38C_115036.jpg
C05_,C05_blue DivaTechTeam_TR423957LS 30 6 20X2.0 00000199.jpg
M19,M19   Burgundy K2  BI1411 U4YY40319  60  26 X 1.95_00001947.jpg
M29,M29 Action-Velo-Plus  XV000802225 60 21 700 38C_444.jpg
T05,T05 Bleu Next Guppy  PM03080086  ​35  12.5 x 2 1.125_00003009.jpg
C32,C32 Supercycle blue AH180006212 35 1 18 X 1.95 174831.jpg
W06,W06  Supercycle 1500 Grey     A054562     26 X 1.95_00000034.jpg
w15,w15  Supercycle_Rose_noir SNFSD12FD9681_45_26 X 1.95_100313.jpg
C35,C35 purple Cream Soda L7C1204722  60 1 20 X 1.95_162256.jpg
C13,C13  Tribal Foxi  blue  WY1749881  60  20 X 2.0_00002797.jpg
Y08,Y08  blueblack supercycle Snfsd120l9712  45  24 X 1.95_00000620.jpg
XM17,XM17 greyOpusIvan 82Range IC0G11J02715 60 7 26 X 2.0 _142520.jpg
C27,C27 Norco grey BC-07 35 1 16 X 2.125 _145002.jpg
Y01P,Y01Prpl Next RD603707 50 26x1.95_131152.jpg
C28,C28 Orange Raleigh Rock YF054492 60 6 20 X 2.0_130050.jpg
C11,C11 Blackyellow Supercycle Impulse  L6C0212475  55  20 X 2.0_152223.jpg
XM18,XM18 Opus Ivan grey 83 Russell IC0611H02265 60 7 26 X 2.0_151351.jpg
C01,C01 blue black yellow Huffy  SNHTJI5L48605 30 18X1.5_162317.jpg
XM20,XM20_132153.jpg
W02,W02 Redgrey Next B503000 50 26x2.00_131358.jpg
XM01,XM01  brown Global   WSBC602 309646F  95  700X35C _00000709.jpg
C17,C17 bleu-orange AH15M091709_35_16X​2.125_20170531_104913.jpg
C03,C03 sweet_blue_YPC2024107 80_20 X 2.125_00000950.jpg
M11,M11   Blueblack supercycle   Snfsd12cn0571  45  26 X 1.95__00000067.jpg
Y07,Y07   blueblack supercycle    Snfsd12387931  45  24 X 1.95_00000616.jpg
Y14V,Y14Velosport50 mauve D819755 55 24x1.95 18_ 090856.jpg
XM06,XM06BluRst ActnVeloPlus XV0137260 53 26x1.95_130639.jpg
W05S,W05SupercycleAscent whturP9A86581 50 15 26 X 1.751.jpg
W16,W16 prple Vagabond WY970103328 60  26x1.95 31644.jpg
XWO6,XWO6 Minelli Silhouette_C911110117_80_28x1⅝x1½_114751.jpg
C12,C12  Quest Rocketred LWEA104203  30  16 X 2.125_00002628.jpg
M18,M18 Raleigh Sport bluwht RCB40962 55 18 700X38c_210043.jpg
Y16,Y16 Supercycle SC1800 purple RB07012435 60 18 24 X 1.95_131207.jpg
XM05,XM05 Diamondbac​k black    RCY1001479​0  80  700 x 45C_332.jpg
W01_,W01_prplSupercycleAscent GJ91917 35 26X1.75 00000181.jpg
T11,T11 PinkBarbie_DJFBO56755_35_14x2.125_153153.jpg
C33_,C33_Supercycle red SR101 10 6 20x2,00.143410.jpg
XM16,XM16 Opus Ivan grey81 Nelson IB0011J02713 60 7 26 X 2.0 _151442.jpg
C15T,C15TrekMysticpink WTU081 P03130 85 1 20x1.95 20180403.jpg
C02,C02 Firehawk Magic  PRM03122402  35  16 X 1.75_102545.jpg
M16,M16 Supercycle SC1800 Blue LOC0503604 50 18 26 X 1.95 110546.jpg
C31_,C31_Black Zoom RCG1058693 50 6 20 X 2.0 100830.jpg
Y20,Y20 Carrera Warrior  red grey SM406283LV 60 18 24 X 1.95_153721.jpg
C34,C34 Tech Team bleue 406 20x2,00.jpg
C16B,C16Bleu-orang​e Supercycle  AB15L05056​5  35  16X​2.125_120713.jpg
M27,M27 Infinity grey 1CC07C25714 60 18 26x1.95 162857.jpg
Y13,Y13 Schwinn kicker pro_grey_Snmn609az7638_60_24 x 2.125_ 24 x 1.95_103155.jpg
M07,M07 Grey red black Norco Storm  00K0003545  60  26 X 2.1_00002961.jpg
XM03,XM03  brown Global   WSBC602 309650F  95  700X35C_00000700.jpg
W12,W12 WRaleigh blue RH113538  47  26 x 1 3_8_331.jpg
XW01,XW01  burgundy Global   WSBC602 309678F  95  700X35C_00000711.jpg
M32,M32 vert MAR0014705  40 X 2,125_0794.jpg
C21_,C21_blue Trek_WTU131P0831B_30_16x2.125_163007.jpg
XM15,XM15 Opus Ivan grey80 Chapel IC0G11J02737 60 7 26 X 2.0.jpg
C06,C06 yellow Cherokee  BCI2239222  35  16X 2.125_00000772.jpg
IMG_,IMG_20180622_190422.jpg
Y09,Y09  Purple supercycle L3c0136696  60  24 X 1.95_00000628.jpg
C26,C26 blue_red Supercycle Illusion L981101339 60 1 16X1.75_103147.jpg
M04,M04 Nakamura blckgrn EA151107539 55 700x38C 151621.jpg
M12,M12  Burgundy Free Spirit    K002757  60  26 x 2.125_00002616.jpg
C25p,C25prplSportek BCI2407941 40 1 16 X 2.125.jpg